Bit_Length,Modulus_n,Prime_p,Prime_q,Encryption_Time,Legit_Decryption_Time,Forced_Decryption_Time
16,25217,167,151,2.09808349609375e-05,2.574920654296875e-05,0.17014074325561523
32,2708120059,53849,50291,7.843971252441406e-05,0.0002143383026123047,0.16111111640930176
48,136878122741233,10005887,13679759,4.792213439941406e-05,0.0001823902130126953,0.15192341804504395
64,17380536611038631929,4076759483,4263321563,6.127357482910156e-05,0.00045299530029296875,0.16359591484069824
80,1191398671523476931198377,1088976901339,1094053207243,5.5789947509765625e-05,0.000396728515625,0.6413908004760742
96,27226733911501687644526163773,147757542589939,184266288097807,6.985664367675781e-05,0.0005304813385009766,0.6391253471374512
112,2826900056171134722985412279096053,58110826588347367,48646701864984259,6.0558319091796875e-05,0.0005779266357421875,0.6203315258026123
